Workbook

Sheet 1-Kontrol Paneli
A1: PROFESYONEL BETON REÇETE TASARIM PROGRAMI
A3: PROJE BİLGİLERİ
A4: Proje Adı: | G4: Hazırlayan:
A7: BETON SINIFI
A8: Beton Sınıfı: | C8: C30/37 | E8: fck: | F8: =VLOOKUP(C8,'Ref-Tablolar'!A4:D17,2,0) | G8: MPa | H8: fcm: | I8: =VLOOKUP(C8,'Ref-Tablolar'!A4:D17,3,0) | J8: MPa
A11: ÇEVRE ETKİ SINIFI
A12: Etki Sınıfı: | C12: XC4
A14: Max s/ç: | C14: =VLOOKUP(C12,'Ref-Tablolar'!A21:D41,2,0) | E14: Min Çimento: | G14: =VLOOKUP(C12,'Ref-Tablolar'!A21:D41,3,0) | H14: kg/m³ | I14: Min Hava: | K14: =VLOOKUP(C12,'Ref-Tablolar'!A21:D41,4,0) | L14: %
A17: KIVAM VE TAŞIMA
A18: Çökme Sınıfı: | C18: S3 | E18: Hedef Çökme (mm): | G18: 100-150
A19: Taşıma: | C19: Pompa

Sheet Ref-Tablolar
A1: REFERANS TABLOLARI
A3: Beton Sınıfı | B3: fck (MPa) | C3: fcm (MPa) | D3: Std Sapma
A4: C8/10 | B4: 8 | C4: 12 | D4: 4
A5: C12/15 | B5: 12 | C5: 16 | D5: 4
A6: C16/20 | B6: 16 | C6: 20 | D6: 4
A7: C20/25 | B7: 20 | C7: 26 | D7: 4
A8: C25/30 | B8: 25 | C8: 31 | D8: 4
A9: C30/37 | B9: 30 | C9: 36 | D9: 4
A10: C35/45 | B10: 35 | C10: 43 | D10: 4
A11: C40/50 | B11: 40 | C11: 48 | D11: 4
A12: C45/55 | B12: 45 | C12: 53 | D12: 4
A13: C50/60 | B13: 50 | C13: 58 | D13: 4
A14: C55/67 | B14: 55 | C14: 63 | D14: 5
A15: C60/75 | B15: 60 | C15: 68 | D15: 5
... A17: C80/95 | B17: 80 | C17: 88 | D17: 5
A20: Etki Sınıfı | B20: Max s/ç | C20: Min Çimento | D20: Min Hava %
A21: X0 | B21: - | C21: - | D21: -
A22: XC1 | B22: 0.65 | C22: 260 | D22: -
A23: XC2 | B23: 0.6 | C23: 280 | D23: -
A24: XC3 | B24: 0.55 | C24: 280 | D24: -
A25: XC4 | B25: 0.5 | C25: 300 | D25: -
A26: XD1 | B26: 0.55 | C26: 300 | D26: -
A27: XD2 | B27: 0.55 | C27: 300 | D27: -
A28: XD3 | B28: 0.45 | C28: 320 | D28: -
A29: XS1 | B29: 0.5 | C29: 300 | D29: -
A30: XS2 | B30: 0.45 | C30: 320 | D30: -
A31: XS3 | B31: 0.45 | C31: 340 | D31: -
A32: XF1 | B32: 0.55 | C32: 300 | D32: -
A33: XF2 | B33: 0.55 | C33: 300 | D33: 4
A34: XF3 | B34: 0.5 | C34: 320 | D34: 4
A35: XF4 | B35: 0.45 | C35: 340 | D35: 4
A36: XA1 | B36: 0.55 | C36: 300 | D36: -
A37: XA2 | B37: 0.5 | C37: 320 | D37: -
A38: XA3 | B38: 0.45 | C38: 360 | D38: -
A39: XM1 | B39: 0.55 | C39: 300 | D39: -
A40: XM2 | B40: 0.55 | C40: 300 | D40: -
A41: XM3 | B41: 0.45 | C41: 320 | D41: -

Sheet 2-Malzemeler
A1: MALZEME ÖZELLİKLERİ VE BİRİM AĞIRLIKLAR
A3: ÇİMENTO
A4: Özellik | B4: Değer | C4: Birim | D4: Not
A5: Çimento Tipi | B5: CEM II/B 42.5R | C5: - | D5: TS EN 197-1
A6: Yoğunluk (ρç) | B6: 3.00 | C6: kg/dm³ | D6: Tablo-16
A7: Dayanım Sınıfı | B7: 42.5 | C7: MPa
A8: Fabrika | C8: -
A11: KİMYASAL KATKI (Süper Akışkanlaştırıcı)
A12: Katkı Markası | B12: MasterGlenium SKY 504 | C12: - | D12: Polikarboksilat Eter
A13: Yoğunluk (ρk) | B13: 1.05 | C13: kg/dm³
A14: Dozaj (Çimento %) | B14: 1.5 | C14: % (ağ.) | D14: Uygunluk den.
A15: Su Azaltma Oranı | B15: 20 | C15: % | D15: %15-30 arası
A16: Katkı Miktarı | B16: ='8-Reçete DKY'!B15*B14/100 | C16: kg/m³ | D16: Otomatik
A19: HAVA SÜRÜKLEYİCİ KATKI
A20: Kullanım | B20: EVET | C20: - | D20: Donma için gerekli
A21: Katkı Markası | B21: MasterAir | C21: -
A22: Yoğunluk | B22: 1.00 | C22: kg/dm³
A23: Dozaj (Çimento %) | B23: 0.05 | C23: % (ağ.) | D23: Deneme
A24: Katkı Miktarı | B24: ='8-Reçete DKY'!B15*B23/100 | C24: kg/m³ | D24: Otomatik
A25: Hedef Hava İçeriği | B25: ='1-Kontrol Paneli'!K14 | C25: % | D25: Çevre etkisinden

Sheet 3-Agregalar
A1: AGREGA ÖZELLİKLERİ VE BİRİM AĞIRLIKLAR
A3: AGREGA TANE SINIFLARI
A4: Tane Sınıfı | B4: Kısaltma | C4: Yoğunluk (ρa) kg/dm³ | D4: Su Emme (Se) % | E4: Rutubet (R) % | F4: Se-R % | G4: Gevşek Yığın kg/m³ | H4: Sıkışık Yığın kg/m³
A5: 0/4 mm | B5: İnce Agrega | C5: 2.65 | D5: 1.6 | E5: 3.4 | F5: =D5-E5 | G5: 1480 | H5: 1620
A6: 4/11.2 mm | B6: İnce Çakıl | C6: 2.78 | D6: 0.8 | E6: 1.2 | F6: =D6-E6 | G6: 1520 | H6: 1650
A7: 11.2/22.4 mm | B7: Orta Çakıl | C7: 2.78 | D7: 0.4 | E7: 1.1 | F7: =D7-E7 | G7: 1530 | H7: 1660
A8: 22.4/31.5 mm | B8: İri Çakıl | C8: 2.78 | D8: 0.4 | E8: 0.8 | F8: =D8-E8 | G8: 1550 | H8: 1680
A11: EN BÜYÜK AGREGA BOYUTU (Dmax)
A12: Seçilen Dmax: | C12: 31.5 | D12: mm
A13: Pompa İç Çap / 3: | C13: ='1-Kontrol Paneli'!C19/3 | D13: mm
A14: Kontrol: | C14: =IF(C12<=C13,"✓ UYGUN","✗ Dmax çok büyük")
A17: METİLEN MAVİSİ TESTİ (TS EN 933-9)
A18: Agrega | B18: MB Değeri (g/kg) | C18: Değerlendirme | D18: Sonuç
A19: 0/4 mm İnce Agrega | B19: 0.8 | C19: =IF(B19<=1.0,"Temiz","İnce malzeme yüksek") | D19: =IF(B19<=1.0,"✓","✗")
A20: 4/11.2 mm İnce Çakıl | B20: 0.5 | C20: =IF(B20<=1.0,"Temiz","İnce malzeme yüksek") | D20: =IF(B20<=1.0,"✓","✗")
A21: 11.2/22.4 mm Orta Çakıl | B21: 0.3 | C21: =IF(B21<=1.0,"Temiz","İnce malzeme yüksek") | D21: =IF(B21<=1.0,"✓","✗")

Sheet 4-Elek-0-4mm
A1: ELEK ANALİZİ - İNCE AGREGA (0/4 mm)
A3: Elek (mm) | B3: Kalan (g) | C3: Kalan % | D3: Birikimli Kalan % | E3: Geçen % | F3: Pompa Min % | G3: Pompa Max % | H3: Durum
A4: 8 | C4: =B4/$B$14*100 | D4: =SUM($C$4:C4) | E4: =100-D4 | F4: 100 | G4: 100 | H4: =IF(AND(E4>=100,E4<=100),"✓","✗")
A5: 5.6 | C5: =B5/$B$14*100 | D5: =SUM($C$4:C5) | E5: =100-D5 | F5: 95 | G5: 100 | H5: =IF(AND(E5>=95,E5<=100),"✓","✗")
A6: 4 | C6: =B6/$B$14*100 | D6: =SUM($C$4:C6) | E6: =100-D6 | F6: 85 | G6: 98 | H6: =IF(AND(E6>=85,E6<=98),"✓","✗")
A7: 2 | C7: =B7/$B$14*100 | D7: =SUM($C$4:C7) | E7: =100-D7 | F7: 69 | G7: 90 | H7: =IF(AND(E7>=69,E7<=90),"✓","✗")
A8: 1 | C8: =B8/$B$14*100 | D8: =SUM($C$4:C8) | E8: =100-D8 | F8: 44 | G8: 74 | H8: =IF(AND(E8>=44,E8<=74),"✓","✗")
A9: 0.5 | C9: =B9/$B$14*100 | D9: =SUM($C$4:C9) | E9: =100-D9 | F9: 20 | G9: 50 | H9: =IF(AND(E9>=20,E9<=50),"✓","✗")
A10: 0.25 | C10: =B10/$B$14*100 | D10: =SUM($C$4:C10) | E10: =100-D10 | F10: 8 | G10: 25 | H10: =IF(AND(E10>=8,E10<=25),"✓","✗")
A11: 0.15 | C11: =B11/$B$14*100 | D11: =SUM($C$4:C11) | E11: =100-D11 | F11: 3 | G11: 10 | H11: =IF(AND(E11>=3,E11<=10),"✓","✗")
A12: 0.063 | C12: =B12/$B$14*100 | D12: =SUM($C$4:C12) | E12: =100-D12 | F12: 0 | G12: 3 | H12: =IF(AND(E12>=0,E12<=3),"✓","✗")
A13: Tava | C13: =B13/$B$14*100 | D13: =SUM($C$4:C13) | E13: =100-D13 | F13: 0 | G13: 0 | H13: =IF(AND(E13>=0,E13<=0),"✓","✗")
A14: TOPLAM | B14: =SUM(B4:B13)
A16: İncelik Modülü: | C16: =SUM(D4:D12)/100 | D16: (2.3-3.1 arası olmalı)
A17: Çok İnce (<0.063): | C17: =B12/$B$14*100

Sheet 5-Elek-4-11mm
A1: ELEK ANALİZİ - KABA AGREGA 1 (4/11.2 mm)
A3: Elek (mm) | B3: Kalan (g) | C3: Kalan % | D3: Birikimli % | E3: Geçen %
A4: 16 | C4: =B4/$B$11*100 | D4: =SUM($C$4:C4) | E4: =100-D4
A5: 11.2 | C5: =B5/$B$11*100 | D5: =SUM($C$4:C5) | E5: =100-D5
A6: 8 | C6: =B6/$B$11*100 | D6: =SUM($C$4:C6) | E6: =100-D6
A7: 4 | C7: =B7/$B$11*100 | D7: =SUM($C$4:C7) | E7: =100-D7
A8: 2 | C8: =B8/$B$11*100 | D8: =SUM($C$4:C8) | E8: =100-D8
A9: 1 | C9: =B9/$B$11*100 | D9: =SUM($C$4:C9) | E9: =100-D9
A10: Tava | C10: =B10/$B$11*100 | D10: =SUM($C$4:C10) | E10: =100-D10
A11: TOPLAM | B11: =SUM(B4:B10)

Sheet 6-Elek-11-22mm
A1: ELEK ANALİZİ - KABA AGREGA 2 (11.2/22.4 mm)
A3: Elek (mm) | B3: Kalan (g) | C3: Kalan % | D3: Birikimli % | E3: Geçen %
A4: 31.5 | C4: =B4/$B$11*100 | D4: =SUM($C$4:C4) | E4: =100-D4
A5: 22.4 | C5: =B5/$B$11*100 | D5: =SUM($C$4:C5) | E5: =100-D5
A6: 16 | C6: =B6/$B$11*100 | D6: =SUM($C$4:C6) | E6: =100-D6
A7: 11.2 | C7: =B7/$B$11*100 | D7: =SUM($C$4:C7) | E7: =100-D7
A8: 8 | C8: =B8/$B$11*100 | D8: =SUM($C$4:C8) | E8: =100-D8
A9: 4 | C9: =B9/$B$11*100 | D9: =SUM($C$4:C9) | E9: =100-D9
A10: Tava | C10: =B10/$B$11*100 | D10: =SUM($C$4:C10) | E10: =100-D10
A11: TOPLAM | B11: =SUM(B4:B10)

Sheet 7-Gradasyon
A1: GRADASYON OPTİMİZASYONU VE KARIŞIM ORANLARI
A3: AGREGA KARIŞIM ORANLARI
A4: Tane Sınıfı | B4: Oran % | C4: Yoğunluk | D4: Kontrol
A5: 0/4 mm | B5: 45 | C5: ='3-Agregalar'!C5 | D5: =IF(B5>0,"✓","-")
A6: 4/11.2 mm | B6: 25 | C6: ='3-Agregalar'!C6 | D6: =IF(B6>0,"✓","-")
A7: 11.2/22.4 mm | B7: 30 | C7: ='3-Agregalar'!C7 | D7: =IF(B7>0,"✓","-")
A8: 22.4/31.5 mm | B8: 0 | C8: ='3-Agregalar'!C8 | D8: =IF(B8>0,"✓","-")
A9: TOPLAM: | B9: =SUM(B5:B8) | D9: =IF(B9=100,"✓ Toplam 100","✗ Toplam 100 değil")
A11: Ağırlıklı Ort. Yoğunluk (ρa): | C11: =1/((B5/100/C5)+(B6/100/C6)+(B7/100/C7)+(B8/100/C8)) | D11: kg/dm³
A14: KOMBİNE GRADASYON HESABI
A15: Elek (mm) | B15: 0/4 Geçen % | C15: 4/11.2 Geçen % | D15: 11.2/22.4 Geçen % | E15: 22.4/31.5 Geçen % | F15: Kombine Geçen % | G15: Pompa Min % | H15: Pompa Max % | I15: Durum
A16: 31.5 | B16: ='4-Elek-0-4mm'!E4 | C16: ='5-Elek-4-11mm'!E4 | D16: ='6-Elek-11-22mm'!E4 | E16: =IF($B$8>0,100,0) | F16: =B16*$B$5/100+C16*$B$6/100+D16*$B$7/100+E16*$B$8/100 | G16: 90 | H16: 97 | I16: =IF(AND(F16>=90,F16<=97),"✓","✗")
A17: 22.4 | B17: ='4-Elek-0-4mm'!E5 | C17: ='5-Elek-4-11mm'!E5 | D17: ='6-Elek-11-22mm'!E5 | E17: =IF($B$8>0,100,0) | F17: =B17*$B$5/100+C17*$B$6/100+D17*$B$7/100+E17*$B$8/100 | G17: 80 | H17: 90 | I17: =IF(AND(F17>=80,F17<=90),"✓","✗")
A18: 16 | B18: ='4-Elek-0-4mm'!E6 | C18: ='5-Elek-4-11mm'!E6 | D18: ='6-Elek-11-22mm'!E6 | E18: =IF($B$8>0,100,0) | F18: =B18*$B$5/100+C18*$B$6/100+D18*$B$7/100+E18*$B$8/100 | G18: 68 | H18: 82 | I18: =IF(AND(F18>=68,F18<=82),"✓","✗")
A19: 11.2 | B19: ='4-Elek-0-4mm'!E7 | C19: ='5-Elek-4-11mm'!E7 | D19: ='6-Elek-11-22mm'!E7 | E19: =IF($B$8>0,100,0) | F19: =B19*$B$5/100+C19*$B$6/100+D19*$B$7/100+E19*$B$8/100 | G19: 52 | H19: 69 | I19: =IF(AND(F19>=52,F19<=69),"✓","✗")
A20: 8 | B20: ='4-Elek-0-4mm'!E8 | C20: ='5-Elek-4-11mm'!E8 | D20: ='6-Elek-11-22mm'!E8 | E20: =IF($B$8>0,100,0) | F20: =B20*$B$5/100+C20*$B$6/100+D20*$B$7/100+E20*$B$8/100 | G20: 52 | H20: 69 | I20: =IF(AND(F20>=52,F20<=69),"✓","✗")
A21: 5.6 | B21: ='4-Elek-0-4mm'!E9 | C21: ='5-Elek-4-11mm'!E9 | D21: ='6-Elek-11-22mm'!E9 | E21: =IF($B$8>0,100,0) | F21: =B21*$B$5/100+C21*$B$6/100+D21*$B$7/100+E21*$B$8/100 | G21: 37 | H21: 56 | I21: =IF(AND(F21>=37,F21<=56),"✓","✗")
A22: 4 | B22: ='4-Elek-0-4mm'!E10 | C22: ='5-Elek-4-11mm'!E10 | D22: ='6-Elek-11-22mm'!E10 | E22: =IF($B$8>0,100,0) | F22: =B22*$B$5/100+C22*$B$6/100+D22*$B$7/100+E22*$B$8/100 | G22: 37 | H22: 56 | I22: =IF(AND(F22>=37,F22<=56),"✓","✗")
A23: 2 | B23: ='4-Elek-0-4mm'!E11 | C23: ='5-Elek-4-11mm'!E10 | D23: ='6-Elek-11-22mm'!E10 | E23: =IF($B$8>0,100,0) | F23: =B23*$B$5/100+C23*$B$6/100+D23*$B$7/100+E23*$B$8/100 | G23: 26 | H23: 43 | I23: =IF(AND(F23>=26,F23<=43),"✓","✗")
A24: 1 | B24: ='4-Elek-0-4mm'!E12 | C24: ='5-Elek-4-11mm'!E10 | D24: ='6-Elek-11-22mm'!E10 | E24: =IF($B$8>0,100,0) | F24: =B24*$B$5/100+C24*$B$6/100+D24*$B$7/100+E24*$B$8/100 | G24: 17 | H24: 33 | I24: =IF(AND(F24>=17,F24<=33),"✓","✗")
A25: 0.5 | B25: ='4-Elek-0-4mm'!E13 | C25: ='5-Elek-4-11mm'!E10 | D25: ='6-Elek-11-22mm'!E10 | E25: =IF($B$8>0,100,0) | F25: =B25*$B$5/100+C25*$B$6/100+D25*$B$7/100+E25*$B$8/100 | G25: 10 | H25: 23 | I25: =IF(AND(F25>=10,F25<=23),"✓","✗")
A26: 0.25 | B26: ='4-Elek-0-4mm'!E14 | C26: ='5-Elek-4-11mm'!E10 | D26: ='6-Elek-11-22mm'!E10 | E26: =IF($B$8>0,100,0) | F26: =B26*$B$5/100+C26*$B$6/100+D26*$B$7/100+E26*$B$8/100 | G26: 6 | H26: 16 | I26: =IF(AND(F26>=6,F26<=16),"✓","✗")
A27: 0.15 | B27: ='4-Elek-0-4mm'!E15 | C27: ='5-Elek-4-11mm'!E10 | D27: ='6-Elek-11-22mm'!E10 | E27: =IF($B$8>0,100,0) | F27: =B27*$B$5/100+C27*$B$6/100+D27*$B$7/100+E27*$B$8/100 | G27: 3 | H27: 10 | I27: =IF(AND(F27>=3,F27<=10),"✓","✗")
A28: 0.063 | B28: ='4-Elek-0-4mm'!E16 | C28: ='5-Elek-4-11mm'!E10 | D28: ='6-Elek-11-22mm'!E10 | E28: =IF($B$8>0,100,0) | F28: =B28*$B$5/100+C28*$B$6/100+D28*$B$7/100+E28*$B$8/100 | G28: 1 | H28: 5 | I28: =IF(AND(F28>=1,F28<=5),"✓","✗")

Sheet 8-Reçete DKY
A1: BETON KARIŞIM HESABI (1 m³ - DKY)
A3: Hedef s/ç: | C3: 0.48
A4: Şartname Max s/ç: | C4: ='1-Kontrol Paneli'!C14
A5: Seçilen s/ç: | C5: =MIN(C3,C4)
A7: Karışım Suyu: | C7: 175 | D7: kg
A9: Çimento: | C9: =C7/C5
A10: Min Çimento: | C10: ='1-Kontrol Paneli'!G14
A11: Kullanılacak: | C11: =MAX(C9,C10) | D11: kg
A13: Kimyasal Katkı: | C13: =C11*'2-Malzemeler'!B14/100
A14: Hava %: | C14: ='1-Kontrol Paneli'!K14
A16: Çimento Hacmi: | C16: =C11/'2-Malzemeler'!B6
A17: Su Hacmi: | C17: =C7
A18: Kimyasal Hacmi: | C18: =C13/'2-Malzemeler'!B13
A19: Hava Hacmi: | C19: =IF(ISNUMBER(C14),C14*10,0)
A21: Agrega Hacmi: | C21: =1000-SUM(C16:C19)
A23: Ağırlıklı Yoğunluk: | C23: ='7-Gradasyon'!C11
A24: Toplam Agrega: | C24: =C21*C23
A26: 0/4 mm: | C26: =C24*'7-Gradasyon'!B5/100
A27: 4/11.2 mm: | C27: =C24*'7-Gradasyon'!B6/100
A28: 11.2/22.4 mm: | C28: =C24*'7-Gradasyon'!B7/100

Sheet 9-Reçete Rutubetli
A1: DÜZELTİLMİŞ REÇETE (Rutubet Düzeltmeli)
A3: Agrega | B3: DKY (kg) | C3: Se-R | D3: Düzeltme | E3: Rutubetli
A4: 0/4 | B4: ='8-Reçete DKY'!C27 | C4: ='3-Agregalar'!F5 | D4: =B4*C4/100 | E4: =B4-D4
A5: 4/11.2 | B5: ='8-Reçete DKY'!C28 | C5: ='3-Agregalar'!F6 | D5: =B5*C5/100 | E5: =B5-D5
A6: 11.2/22.4 | B6: ='8-Reçete DKY'!C29 | C6: ='3-Agregalar'!F7 | D6: =B6*C6/100 | E6: =B6-D6
A8: DKY Su: | C8: ='8-Reçete DKY'!C7
A9: Su Düzeltme: | C9: =SUM(D4:D6)
A10: Katkı Suyu /2: | C10: ='8-Reçete DKY'!C13/2
A11: Final Su: | C11: =C8+C9-C10
A14: FİNAL REÇETE (1 m³)
A15: Çimento | C15: ='8-Reçete DKY'!C11
A16: Su | C16: =C11
A17: Kimyasal Katkı | C17: ='8-Reçete DKY'!C13
A18: 0/4 mm | C18: =E4
A19: 4/11.2 mm | C19: =E5
A20: 11.2/22.4 mm | C20: =E6
A21: TOPLAM | C21: =SUM(C15:C20)

Sheet 10-Deneme
A1: DENEME DÖKÜMÜ
A3: 25 Litre Deneme
A4: Çimento | C4: ='9-Reçete Rutubetli'!C14*25/1000 | D4: kg
A5: Su | C5: ='9-Reçete Rutubetli'!C15*25/1000 | D5: kg
A6: Kimyasal Katkı | C6: ='9-Reçete Rutubetli'!C16*25/1000 | D6: kg
A7: 0/4 mm | C7: ='9-Reçete Rutubetli'!C17*25/1000 | D7: kg
A8: 4/11.2 mm | C8: ='9-Reçete Rutubetli'!C18*25/1000 | D8: kg
A9: 11.2/22.4 mm | C9: ='9-Reçete Rutubetli'!C19*25/1000 | D9: kg
A11: 50 Litre Deneme
A12: Çimento | C12: ='9-Reçete Rutubetli'!C14*50/1000 | D12: kg
A13: Su | C13: ='9-Reçete Rutubetli'!C15*50/1000 | D13: kg
A14: Kimyasal Katkı | C14: ='9-Reçete Rutubetli'!C16*50/1000 | D14: kg
A15: 0/4 mm | C15: ='9-Reçete Rutubetli'!C17*50/1000 | D15: kg
A16: 4/11.2 mm | C16: ='9-Reçete Rutubetli'!C18*50/1000 | D16: kg
A17: 11.2/22.4 mm | C17: ='9-Reçete Rutubetli'!C19*50/1000 | D17: kg
